{
	"class_name" : "PinholeCameraParameters",
	"extrinsic" : 
	[
		0.88734536158117827,
		0.33299654829884201,
		0.31895377110394085,
		0.0,
		0.4350187734222411,
		-0.8339222660287976,
		-0.3396061262574695,
		0.0,
		0.1528949837325507,
		0.4400987991831522,
		-0.88483680467472114,
		0.0,
		-0.49942937848104185,
		0.081109516285876593,
		1.4558235733777034,
		1.0
	],
	"intrinsic" : 
	{
		"height" : 1064,
		"intrinsic_matrix" : 
		[
			921.45102962664282,
			0.0,
			0.0,
			0.0,
			921.45102962664282,
			0.0,
			959.5,
			531.5,
			1.0
		],
		"width" : 1920
	},
	"version_major" : 1,
	"version_minor" : 0
}