,Precision,Recall
0,0.0,0.06263061650992686
1,1.3333333333333333,0.07879440961337514
2,0.8333333333333334,0.09495820271682343
3,0.5555555555555555,0.09495820271682343
4,0.4583333333333333,0.11010971786833855
