,Precision,Recall
AircraftBuoyant,0.175,0.0875
Apartment,0.2,0.14545454545454545
AquaticAnimal,0.375,0.10344827586206898
Bed,0.25,0.07692307692307691
Bicycle,0.9,0.5538461538461539
Biplane,0.375,0.07894736842105263
Bird,0.45,0.08181818181818182
Bookset,0.425,0.18888888888888888
Bottle,0.525,0.1354838709677419
BuildingNonResidential,0.225,0.04390243902439024
