,Precision,Recall
AircraftBuoyant,0.3333333333333333,0.08333333333333333
Apartment,0.3333333333333333,0.12121212121212122
AquaticAnimal,0.4166666666666667,0.0574712643678161
