,Precision,Recall
AircraftBuoyant,1.5,0.09375
Apartment,1.0,0.09090909090909091
AquaticAnimal,1.5,0.05172413793103448
